01352C,61166
26372B,61166
26371D,61166
26441D,61166
26361A,61168
26351D,61169
06391B,61200
06451D,61200
06451B,61201
06361B,61202
23441A,61287
07441D,61291
26422C,61298
26352A,61300
22251B,61301
23081D,61313
22191D,61314
23312D,61315
26241C,61316
26331A,61316
27382D,61321
04061B,61323
03231B,61324
04091C,61325
22452D,61325
03321B,61326
05162B,61326
05241D,61326
03202D,61328
04091C,61328
26401B,61369
08452D,61370
08472B,61370
26191C,61371
08272B,61372
23371C,61373
24121B,61373
08462D,61374
08372D,61376
08242D,61379
08452B,61379
08471B,61379
08482D,61379
08261D,61381
08362C,61381
08372B,61381
08411C,61381
07422D,61382
08471C,61382
23031C,61382
23442D,61382
24061C,61382
24182B,61382
23482C,61386
04152D,61389
04321C,61389
26032D,61404
26092D,61405
03462B,61410
03351D,61411
05251D,61435
05441C,61435
05451D,61436
05461B,61436
05362C,61437
05351D,61438
05351D,61438
05121B,61439
05181D,61439
05361D,61440
05192D,61442
05122D,61443
05212D,61445
24392D,61511
24352D,61512
24201C,61513
24352D,61514
24241D,61517
24292A,61517
24152D,61518
24192A,61518
24421B,61519
24132B,61520
24282A,61522
24372D,61523
24311D,61524
24072D,61526
24232A,61528
22251A,61529
24122D,61529
24192B,61530
24131B,61531
22372B,61532
22372C,61533
07211B,61534
23172A,61536
23211C,61536
25411C,61536
25431C,61536
04142C,61537
24181C,61537
25422C,61537
25422D,61537
23132D,61538
23361D,61539
23401A,61539
23152C,61540
23462C,61541
23291B,61543
23302A,61543
23322A,61543
23341B,61543
23421B,61543
25281D,61543
25311C,61544
25312C,61544
25371B,61544
25382B,61544
25412B,61544
07351D,61545
23062A,61546
23432D,61546
05361D,61547
23091D,61547
23381C,61547
04272B,61548
05192D,61548
23091D,61548
23111C,61549
22391C,61550
23072A,61550
23111A,61550
23211B,61550
23232B,61550
24442A,61550
25441B,61550
25462C,61550
22052D,61551
23112B,61551
23151B,61551
23162C,61551
24422A,61551
25252B,61551
25331C,61551
25481D,61551
05222D,61552
23141D,61552
05401D,61621
26401C,61621
23271D,61628
23442D,61629
24181D,61629
23291C,61630
23291C,61631
07281D,61632
07332D,61633
23212A,61635
23162D,61636
23191B,61637
03402D,61638
23442D,61638
03241D,61639
07252D,61639
23291C,61639
23341D,61654
24231D,61658
23151D,61659
03191D,61660
05112D,61662
23052D,61663
23292C,61664
23162A,61666
03061D,61667
24402D,61667
23122D,61668
23112A,61675
23192A,61675
23342A,61676
24412B,61676
24151D,61677
24362D,61678
24422C,61678
26341C,61708
26291D,61710
26232C,61711
26342D,61713
24152B,61714
24472C,61715
22372D,61720
28311C,61720
28282A,61721
28291B,61730
28311A,61731
23102B,61992
23332B,62010
23351B,62010
23331B,62011
23411D,62011
23412D,62012
23451B,62012
23322B,62013
23372C,62013
23431B,62014
23432D,62014
23252B,62015
23451D,62015
23052C,62016
23091C,62016
23172B,62016
23471C,62017
23201A,62018
23151C,62020
23242B,62020
23212C,62021
23272C,62021
23142A,62022
23132B,62023
23201A,62024
23292D,62025
23091B,62026
23232A,62046
23352C,62046
23181A,62047
23351D,62047
06191C,62074
06221B,62074
06222B,62074
06222C,62074
06242C,62074
06262B,62074
06262C,62074
06281B,62074
06281D,62074
06322C,62074
06341B,62074
06351B,62074
06352B,62074
06362C,62074
06381B,62074
06382B,62074
06382C,62074
06392B,62074
06401C,62074
06402B,62074
06421C,62074
06422C,62074
08292B,62097
08311C,62097
08312C,62097
08371D,62097
08302B,62098
08322B,62098
08371B,62098
07281B,62099
08262D,62099
08372C,62099
08412D,62099
08422C,62099
08381B,62100
08401B,62100
08402B,62100
08421B,62100
08421B,62100
07251C,62101
07281C,62101
07302B,62101
07311B,62101
24072B,80121
23332D,896049
23391C,896049
26132D,896061/02
26132D,896061/02
23041D,896140
23081C,896140
23252D,896140
23101D,896141
23102D,896141
23182D,896141
