Item Code,Item Description,S040,S041,S042,S048,S054,S062,S081,S109,S123,S127,S134,S136,S137,S138,S148,S153,S002,S004,S005,S006,S008,S009,S010,S013,S014,S015,S026,S027,S029,S034,S070,S098,S110,S113,S114,S120,S132,S135,S145,S011,S016,S017,S021,S025,S044,S049,S057,S060,S072,S074,S077,S102,S106,S112,S117,S119,S124,S035,S036,S038,S039,S043,S046,S047,S055,S069,S079,S080,S094,S096,S111,S116,S118,S129,S131,S139,S147,S149,S154,S052,S058,S061,S063,S065,S073,S084,S104,S107,S115,S122,S146,S162,S019
61166,Classic 2 Part Dusky Blue Serve Stick,4,8,4,4,8,4,4,8,4,4,4,4,4,4,4,4,8,8,4,8,8,8,8,8,12,4,8,8,8,8,12,8,8,12,8,4,8,4,4,8,4,4,8,4,8,4,12,8,4,4,4,4,4,4,8,8,8,12,8,8,12,8,4,8,8,8,8,12,8,8,8,8,8,4,4,4,4,8,4,12,12,8,8,8,12,4,8,8,8,4,8,4,8
61168,Classic 2 Part Burnt Orange Serve Stick,0,4,0,0,4,0,0,4,0,0,0,0,0,0,0,0,4,4,0,4,8,4,4,4,8,0,4,4,4,4,8,4,4,8,4,0,4,0,0,4,0,0,4,0,4,0,8,4,0,0,0,4,0,0,4,4,4,8,4,4,8,8,0,4,4,4,4,8,4,4,4,4,4,0,0,0,0,4,0,8,8,4,4,4,8,0,4,4,4,0,4,0,4
61169,Classic 3 Part Burnt Orange Serve Stick,0,0,0,0,0,0,0,0,0,0,0,0,0,0,0,0,0,0,0,4,0,0,0,0,8,0,0,0,0,0,4,0,0,4,0,0,0,0,0,0,0,0,0,0,0,0,4,0,0,0,0,0,0,0,0,0,0,4,0,0,8,0,0,0,0,0,0,4,0,0,0,0,0,0,0,0,0,0,0,4,4,4,0,0,8,0,0,0,0,0,0,0,0
61200,Catalina Cloud Grey Dinner Plate,0,4,0,0,4,0,0,4,0,0,0,0,0,0,0,0,4,8,0,8,8,4,4,4,8,0,4,4,4,4,8,4,4,8,4,0,4,0,0,4,0,0,4,0,4,0,8,4,0,0,0,4,0,0,4,4,4,8,4,4,8,8,0,8,4,4,4,8,4,4,8,4,8,0,0,0,0,4,0,8,8,8,4,4,8,0,4,4,4,0,4,0,4
61201,Catalina Cloud Grey Side Plate,0,4,0,0,4,0,0,8,0,0,0,0,0,0,0,0,8,8,0,8,8,4,8,8,12,0,4,8,4,8,8,8,8,8,4,0,4,0,0,8,0,0,8,0,8,0,8,4,0,0,0,4,0,0,4,8,8,8,4,4,8,8,0,8,4,4,8,8,8,4,8,4,8,0,0,0,0,4,0,8,8,8,8,4,8,0,4,4,4,0,8,0,8
61202,Catalina Cloud Grey Bowl,0,4,0,0,4,0,0,8,0,0,0,0,0,0,0,0,8,8,0,8,8,4,4,8,12,0,4,4,4,4,8,4,8,8,4,0,4,0,0,8,0,0,8,0,4,0,8,4,0,0,0,4,0,0,4,4,4,12,4,4,12,8,0,8,4,4,4,8,8,4,8,4,8,0,0,0,0,4,0,8,12,8,4,4,8,0,4,4,4,0,4,0,8
61274,Dipped Blush 6cm 4pk Mini Bowl,0,0,0,0,0,0,0,0,0,0,0,0,0,0,0,0,4,0,0,4,4,0,4,4,4,0,0,4,0,0,0,0,0,0,4,0,0,0,4,0,0,0,0,0,0,0,0,0,0,0,0,0,0,0,0,0,0,0,0,0,0,0,0,0,0,0,0,0,0,0,0,0,0,0,0,0,0,0,0,0,0,0,0,0,0,0,0,0,0,0,0,0,0
61287,Cove Taupe 38.5cm Platter,0,0,0,0,0,0,0,0,0,0,0,0,0,0,0,0,0,0,0,2,0,0,0,0,4,0,0,0,0,0,2,0,0,2,0,0,0,0,0,0,0,0,0,0,0,0,2,0,0,0,0,0,0,0,0,0,0,2,0,0,4,0,0,0,0,0,0,2,0,0,0,0,0,0,0,0,0,0,0,2,4,2,0,0,4,0,0,0,0,0,0,0,0
61288,Cove Taupe 31cm Platter,0,0,0,0,0,0,0,0,0,0,0,0,0,0,0,0,0,0,0,4,0,0,0,0,8,0,0,0,0,0,6,0,0,6,0,0,0,0,0,0,0,0,0,0,0,0,6,0,0,0,0,0,0,0,0,0,0,6,0,0,8,0,0,0,0,0,0,8,0,0,0,0,0,0,0,0,0,0,0,6,8,4,0,0,8,0,0,0,0,0,0,0,0
61291,Cove Teal 31cm Platter,0,0,0,0,0,0,0,0,0,0,0,0,0,0,0,0,0,0,0,6,0,0,0,0,10,0,0,0,0,0,6,0,0,8,0,0,0,0,0,0,0,0,0,0,0,0,8,0,0,0,0,0,0,0,0,0,0,8,0,0,10,0,0,0,0,0,0,8,0,0,0,0,0,0,0,0,0,0,0,8,8,6,0,0,10,0,0,0,0,0,0,0,0
61298,Mill Blush Set of 2 Salt & Pepper Grinder,0,0,0,0,0,0,0,9,0,0,0,0,0,0,0,0,12,9,0,12,6,0,0,6,12,0,0,0,0,0,9,0,6,9,0,0,0,0,0,12,0,0,9,0,0,0,9,12,0,0,0,0,0,0,0,0,0,12,0,0,9,9,0,6,0,0,0,12,9,0,6,0,6,0,0,0,0,0,0,9,9,6,0,0,12,0,0,0,0,0,0,0,9
61300,Mill Stone Set of 2 Salt & Pepper Grinder,0,0,0,0,0,0,0,6,0,0,0,0,0,0,0,0,6,6,0,6,6,0,0,6,6,0,0,0,0,0,6,0,6,6,0,0,0,0,0,6,0,0,6,0,0,0,6,6,0,0,0,0,0,0,0,0,0,6,0,0,6,6,0,6,0,0,0,6,6,0,6,0,3,0,0,0,0,0,0,6,6,6,0,0,6,0,0,0,0,0,0,0,6
61301,Mill Grey Set of 2 Salt & Pepper Grinder,0,0,0,0,0,0,0,0,0,0,0,0,0,0,0,0,0,0,0,3,0,0,0,0,3,0,0,0,0,0,3,0,0,3,0,0,0,0,0,0,0,0,0,0,0,0,3,0,0,0,0,0,0,0,0,0,0,3,0,0,3,0,0,0,0,0,0,3,0,0,0,0,0,0,0,0,0,0,0,3,3,3,0,0,3,0,0,0,0,0,0,0,0
61313,Classic Stone Spoon Rest,0,0,0,0,0,0,0,8,0,0,0,0,0,0,0,0,8,8,0,8,8,0,0,8,12,0,0,0,0,0,8,0,8,8,0,0,0,0,0,8,0,0,8,0,0,0,8,4,0,0,0,0,0,0,0,0,0,8,0,0,12,8,0,8,0,0,0,8,8,0,8,0,8,0,0,0,0,0,0,8,8,8,0,0,8,0,0,0,0,0,0,0,8
61314,Classic Black Spoon Rest,0,0,0,0,0,0,0,4,0,0,0,0,0,0,0,0,8,4,0,8,4,0,0,4,8,0,0,0,0,0,8,0,4,4,0,0,0,0,0,4,0,0,4,0,0,0,4,4,0,0,0,0,0,0,0,0,0,8,0,0,8,4,0,4,0,0,0,8,4,0,4,0,4,0,0,0,0,0,0,8,8,4,0,0,4,0,0,0,0,0,0,0,4
61315,Classic White Spoon Rest,0,0,0,0,0,0,0,0,0,0,0,0,0,0,0,0,0,0,0,4,0,0,0,0,4,0,0,0,0,0,4,0,0,4,0,0,0,0,0,0,0,0,0,0,0,0,0,0,0,0,0,0,0,0,0,0,0,4,0,0,4,0,0,0,0,0,0,4,0,0,0,0,0,0,0,0,0,0,0,4,4,4,0,0,4,0,0,0,0,0,0,0,0
61316,Classic 2 Part Red Serve Stick,4,8,4,4,8,4,4,8,4,4,4,4,4,4,4,4,8,8,4,8,8,4,4,8,12,4,4,8,4,8,8,8,8,8,8,4,4,4,4,8,4,4,8,4,8,4,12,8,4,4,4,4,4,4,4,8,8,12,8,8,12,8,4,8,8,8,8,12,8,8,8,4,8,4,4,4,4,8,4,12,12,8,8,8,12,4,8,8,4,4,8,4,8
61321,Tapas Blue Print Jug,0,0,0,0,0,0,0,0,0,0,0,0,0,0,0,0,0,0,0,4,0,0,0,0,6,0,0,0,0,0,4,0,0,4,0,0,0,0,0,0,0,0,0,0,0,0,4,0,0,0,0,0,0,0,0,0,0,4,0,0,6,0,0,0,0,0,0,4,0,0,0,0,0,0,0,0,0,0,0,4,4,4,0,0,4,0,0,0,0,0,0,0,0
61323,Tapas Blue Print Oblong Platter,0,0,0,0,0,0,0,0,0,0,0,0,0,0,0,0,0,0,0,4,0,0,0,0,6,0,0,0,0,0,4,0,0,4,0,0,0,0,0,0,0,0,0,0,0,0,4,0,0,0,0,0,0,0,0,0,0,4,0,0,4,0,0,0,0,0,0,4,0,0,0,0,0,0,0,0,0,0,0,4,4,4,0,0,4,0,0,0,0,0,0,0,0
61324,Tapas Blue Print Utensil Holder,0,0,0,0,0,0,0,12,0,0,0,0,0,0,0,0,12,16,0,16,12,0,0,12,16,0,0,0,0,0,16,0,12,12,0,0,0,0,0,12,0,0,12,0,0,0,12,12,0,0,0,0,0,0,0,0,0,16,0,0,16,12,0,12,0,0,0,16,12,0,12,0,16,0,0,0,0,0,0,12,12,12,0,0,12,0,0,0,0,0,0,0,12
61325,Tapas Blue Assorted Mini Pinch Bowl,4,4,4,4,4,4,4,8,4,4,0,4,4,0,0,0,8,4,4,8,8,4,4,4,8,4,4,4,4,8,8,8,4,8,4,4,4,4,4,4,0,4,8,8,4,0,8,4,4,4,4,4,4,4,4,4,4,8,4,4,8,4,4,4,4,4,4,8,8,4,8,4,8,4,4,4,4,4,4,8,8,8,4,4,8,4,4,4,4,4,4,4,4
61326,Tapas Blue Oblong Handled Platter,0,0,0,0,0,0,0,12,0,0,0,0,0,0,0,0,12,12,0,16,12,0,0,12,28,0,0,0,0,0,18,0,12,18,0,0,0,0,0,12,0,0,12,0,0,0,20,12,0,0,0,0,0,0,0,0,0,20,0,0,26,12,0,12,0,0,0,24,12,0,12,0,12,0,0,0,0,0,0,22,24,14,0,0,24,0,0,0,0,0,0,0,12
61328,Tapas Blue Print Spoon Rest,0,0,0,0,0,0,0,0,0,0,0,0,0,0,0,0,0,0,0,20,0,0,0,0,32,0,0,0,0,0,24,0,0,24,0,0,0,0,0,0,0,0,0,0,0,0,24,0,0,0,0,0,0,0,0,0,0,24,0,0,32,0,0,0,0,0,0,28,0,0,0,0,0,0,0,0,0,0,0,28,28,16,0,0,32,0,0,0,0,0,0,0,0
61369,Classic 35cm Moss Platter Serve Stick,0,0,0,0,0,0,0,8,0,0,0,0,0,0,0,0,8,10,0,10,14,0,0,8,16,0,0,0,0,0,10,0,8,12,0,0,0,0,0,8,0,0,8,0,0,0,12,8,0,0,0,0,0,0,0,0,0,12,0,0,16,10,0,10,0,0,0,14,8,0,8,0,10,0,0,0,0,0,0,14,14,8,0,0,14,0,0,0,0,0,0,0,8
61370,Classic 35cm Charcoal Platter Serve Stick,0,8,0,0,8,0,0,8,0,0,0,0,0,0,0,0,8,8,0,8,8,8,8,8,10,0,8,8,8,8,8,8,8,8,8,0,8,0,0,8,0,0,8,0,8,0,8,8,0,0,0,8,0,0,8,8,8,8,8,8,8,8,0,8,8,8,8,8,8,8,8,8,8,0,0,0,0,8,0,8,8,8,8,8,8,0,8,8,8,0,8,0,8
61371,Classic 35cm Dusky Blue Platter Serve Stick,0,0,0,0,0,0,0,8,0,0,0,0,0,0,0,0,8,10,0,10,14,0,0,8,18,0,0,0,0,0,12,0,10,12,0,0,0,0,0,8,0,0,10,0,0,0,12,8,0,0,0,0,0,0,0,0,0,12,0,0,16,12,0,10,0,0,0,14,8,0,10,0,10,0,0,0,0,0,0,14,14,10,0,0,16,0,0,0,0,0,0,0,8
61372,Classic 35cm Burnt Orange Platter Serve Stick,0,0,0,0,0,0,0,4,0,0,0,0,0,0,0,0,4,4,0,4,6,0,0,4,8,0,0,0,0,0,4,0,4,4,0,0,0,0,0,4,0,0,4,0,0,0,6,4,0,0,0,0,0,0,0,0,0,6,0,0,6,4,0,4,0,0,0,6,4,0,4,0,4,0,0,0,0,0,0,6,6,4,0,0,6,0,0,0,0,0,0,0,4
61373,Classic 35cm Red Platter Serve Stick,4,6,6,6,6,6,4,6,4,0,0,6,0,0,0,2,8,8,4,8,10,4,6,6,14,6,4,6,4,8,8,8,8,10,6,4,4,6,8,6,0,4,8,6,10,0,10,6,4,4,0,4,6,6,4,8,8,10,6,8,14,8,6,8,6,6,6,12,6,6,8,4,8,0,6,6,0,6,4,12,12,8,10,6,12,6,8,6,4,0,6,0,6
61374,Classic 35cm Grey Platter Serve Stick,0,0,0,0,0,0,0,0,0,0,0,0,0,0,0,0,0,0,0,4,0,0,0,0,8,0,0,0,0,0,4,0,0,6,0,0,0,0,0,0,0,0,0,0,0,0,6,0,0,0,0,0,0,0,0,0,0,6,0,0,8,0,0,0,0,0,0,6,0,0,0,0,0,0,0,0,0,0,0,6,6,4,0,0,6,0,0,0,0,0,0,0,0
61376,Classic 35cm Vanilla Platter Serve Stick,0,0,0,0,0,0,0,6,0,0,0,0,0,0,0,0,6,6,0,6,8,0,0,4,10,0,0,0,0,0,8,0,6,8,0,0,0,0,0,6,0,0,6,0,0,0,8,4,0,0,0,0,0,0,0,0,0,8,0,0,10,8,0,6,0,0,0,10,6,0,6,0,6,0,0,0,0,0,0,8,10,6,0,0,10,0,0,0,0,0,0,0,6
61379,Loop White Platter,0,6,0,0,6,0,0,8,0,0,0,0,0,0,0,0,8,8,0,8,12,6,6,6,14,0,6,8,6,10,10,8,8,10,6,0,4,0,0,6,0,0,8,0,10,0,10,6,0,0,0,4,0,0,6,8,8,10,8,8,14,10,0,8,6,6,8,12,6,6,8,4,8,0,0,0,0,6,0,12,12,8,10,6,12,0,8,6,6,0,6,0,8
61381,Loop Charcoal Serving Bowl,0,4,0,0,4,0,0,6,0,0,0,0,0,0,0,0,10,6,0,6,8,4,4,4,12,0,4,6,4,10,10,6,4,10,6,0,4,0,0,6,0,0,6,0,6,0,10,4,0,0,0,4,0,0,4,6,6,12,6,4,12,8,0,4,4,4,8,10,8,4,6,4,4,0,0,0,0,6,0,10,10,8,6,6,8,0,4,2,4,0,4,0,8
61382,Loop Charcoal Platter,4,6,6,6,6,6,4,8,4,4,2,6,4,4,4,2,8,8,4,8,12,6,6,6,14,6,6,6,6,8,10,8,8,10,6,6,4,6,8,6,2,4,8,6,10,4,10,6,4,6,4,4,6,6,6,8,8,10,8,8,14,10,6,8,6,6,8,12,6,6,8,4,8,4,6,6,4,6,4,12,12,8,10,6,12,6,8,6,6,4,6,6,8
61386,Loop Vanilla Serve Stick,0,0,0,0,0,0,0,0,0,0,0,0,0,0,0,0,0,0,0,4,0,0,0,0,8,0,0,0,0,0,4,0,0,8,0,0,0,0,0,0,0,0,0,0,0,0,8,0,0,0,0,0,0,0,0,0,0,8,0,0,8,0,0,0,0,0,0,8,0,0,0,0,0,0,0,0,0,0,0,8,8,4,0,0,8,0,0,0,0,0,0,0,0
61389,Loop Grey Serve Stick,0,0,0,0,0,0,0,0,0,0,0,0,0,0,0,0,0,0,0,8,0,0,0,0,12,0,0,0,0,0,8,0,0,8,0,0,0,0,0,0,0,0,0,0,0,0,8,0,0,0,0,0,0,0,0,0,0,8,0,0,8,0,0,0,0,0,0,8,0,0,0,0,0,0,0,0,0,0,0,8,8,4,0,0,8,0,0,0,0,0,0,0,0
61404,Mosaic Painted Ikat Tray,0,0,0,0,0,0,0,0,0,0,0,0,0,0,0,0,0,0,0,2,0,0,0,0,4,0,0,0,0,0,2,0,0,2,0,0,0,0,0,0,0,0,0,0,0,0,2,0,0,0,0,0,0,0,0,0,0,2,0,0,4,0,0,0,0,0,0,2,0,0,0,0,0,0,0,0,0,0,0,2,2,2,0,0,2,0,0,0,0,0,0,0,0
61405,Mosaic Painted Spot Tray,0,0,0,0,0,0,0,0,0,0,0,0,0,0,0,0,0,0,0,6,0,0,0,0,12,0,0,0,0,0,8,0,0,8,0,0,0,0,0,0,0,0,0,0,0,0,8,0,0,0,0,0,0,0,0,0,0,8,0,0,12,0,0,0,0,0,0,10,0,0,0,0,0,0,0,0,0,0,0,10,10,6,0,0,10,0,0,0,0,0,0,0,0
61410,Mosaic Painted Ikat Egg Cup,0,0,0,0,0,0,0,6,0,0,0,0,0,0,0,0,6,6,0,6,6,0,0,6,12,0,0,0,0,0,6,0,6,6,0,0,0,0,0,6,0,0,6,0,0,0,6,6,0,0,0,0,0,0,0,0,0,6,0,0,12,6,0,6,0,0,0,12,6,0,6,0,6,0,0,0,0,0,0,6,12,6,0,0,12,0,0,0,0,0,0,0,6
61411,Mosaic Painted Spot Egg Cup,0,0,0,0,0,0,0,0,0,0,0,0,0,0,0,0,0,0,0,6,0,0,0,0,12,0,0,0,0,0,6,0,0,6,0,0,0,0,0,0,0,0,0,0,0,0,6,0,0,0,0,0,0,0,0,0,0,12,0,0,12,0,0,0,0,0,0,12,0,0,0,0,0,0,0,0,0,0,0,6,12,6,0,0,6,0,0,0,0,0,0,0,0
61435,Tapas Burnt Orange Print Round Platter,0,0,0,0,0,0,0,0,0,0,0,0,0,0,0,0,0,0,0,6,0,0,0,0,10,0,0,0,0,0,6,0,0,6,0,0,0,0,0,0,0,0,0,0,0,0,8,0,0,0,0,0,0,0,0,0,0,8,0,0,10,0,0,0,0,0,0,8,0,0,0,0,0,0,0,0,0,0,0,8,8,6,0,0,10,0,0,0,0,0,0,0,0
61436,Tapas Burnt Orange Print Oblong Platter,0,0,0,0,0,0,0,0,0,0,0,0,0,0,0,0,0,0,0,4,0,0,0,0,6,0,0,0,0,0,4,0,0,4,0,0,0,0,0,0,0,0,0,0,0,0,4,0,0,0,0,0,0,0,0,0,0,6,0,0,6,0,0,0,0,0,0,6,0,0,0,0,0,0,0,0,0,0,0,6,6,4,0,0,6,0,0,0,0,0,0,0,0
61437,Tapas Burnt Orange Handled Salad Bowl,0,0,0,0,0,0,0,0,0,0,0,0,0,0,0,0,0,0,0,0,0,0,0,0,4,0,0,0,0,0,0,0,0,0,0,0,0,0,0,0,0,0,0,0,0,0,4,0,0,0,0,0,0,0,0,0,0,4,0,0,4,0,0,0,0,0,0,4,0,0,0,0,0,0,0,0,0,0,0,4,4,0,0,0,0,0,0,0,0,0,0,0,0
61438,Tapas Burnt Orange Handled Oblong Platter,0,0,0,0,0,0,0,0,0,0,0,0,0,0,0,0,0,0,0,2,0,0,0,0,4,0,0,0,0,0,4,0,0,4,0,0,0,0,0,0,0,0,0,0,0,0,4,0,0,0,0,0,0,0,0,0,0,4,0,0,4,0,0,0,0,0,0,4,0,0,0,0,0,0,0,0,0,0,0,4,4,2,0,0,4,0,0,0,0,0,0,0,0
61439,Tapas Burnt Orange Print Jug,0,0,0,0,0,0,0,0,0,0,0,0,0,0,0,0,0,0,0,12,0,0,0,0,20,0,0,0,0,0,14,0,0,12,0,0,0,0,0,0,0,0,0,0,0,0,12,0,0,0,0,0,0,0,0,0,0,16,0,0,16,0,0,0,0,0,0,14,0,0,0,0,0,0,0,0,0,0,0,14,16,12,0,0,12,0,0,0,0,0,0,0,0
61440,Tapas Burnt Orange Assorted Mini Pinch Bowl,0,0,0,0,0,0,0,8,0,0,0,0,0,0,0,0,8,4,0,8,8,0,0,4,8,0,0,0,0,0,8,0,4,8,0,0,0,0,0,4,0,0,4,0,0,0,4,4,0,0,0,0,0,0,0,0,0,8,0,0,8,4,0,4,0,0,0,8,4,0,8,0,8,0,0,0,0,0,0,8,8,4,0,0,8,0,0,0,0,0,0,0,4
61442,Tapas Assorted Burnt Orange Print Tumbler,0,0,0,0,0,0,0,8,0,0,0,0,0,0,0,0,8,8,0,8,8,0,0,8,12,0,0,0,0,0,8,0,4,8,0,0,0,0,0,8,0,0,4,0,0,0,8,8,0,0,0,0,0,0,0,0,0,8,0,0,8,8,0,8,0,0,0,8,8,0,8,0,8,0,0,0,0,0,0,8,8,8,0,0,8,0,0,0,0,0,0,0,8
61443,Tapas Burnt Orange Print Utensil Holder,0,0,0,0,0,0,0,0,0,0,0,0,0,0,0,0,0,0,0,2,0,0,0,0,2,0,0,0,0,0,2,0,0,0,0,0,0,0,0,0,0,0,0,0,0,0,0,0,0,0,0,0,0,0,0,0,0,2,0,0,0,0,0,0,0,0,0,2,0,0,0,0,0,0,0,0,0,0,0,0,0,0,0,0,0,0,0,0,0,0,0,0,0
61445,Tapas Assorted Burnt Orange Print Plate,0,0,0,0,0,0,0,0,0,0,0,0,0,0,0,0,0,0,0,4,0,0,0,0,4,0,0,0,0,0,4,0,0,0,0,0,0,0,0,0,0,0,0,0,0,0,0,0,0,0,0,0,0,0,0,0,0,4,0,0,4,0,0,0,0,0,0,4,0,0,0,0,0,0,0,0,0,0,0,4,4,0,0,0,0,0,0,0,0,0,0,0,0
61511,Fiesta Red 27cm Plate,0,0,0,0,0,0,0,4,0,0,0,0,0,0,0,0,4,4,0,4,4,0,0,4,4,0,0,0,0,0,4,0,4,4,0,0,0,0,0,4,0,0,4,0,0,0,4,0,0,0,0,0,0,0,0,0,0,4,0,0,4,4,0,0,0,0,0,4,4,0,4,0,4,0,0,0,0,0,0,4,4,4,0,0,4,0,0,0,0,0,0,0,4
61512,Fiesta Red 20cm Plate,0,0,0,0,0,0,0,0,0,0,0,0,0,0,0,0,0,0,0,6,0,0,0,0,6,0,0,0,0,0,6,0,0,6,0,0,0,0,0,0,0,0,0,0,0,0,6,0,0,0,0,0,0,0,0,0,0,6,0,0,6,0,0,0,0,0,0,6,0,0,0,0,0,0,0,0,0,0,0,6,6,6,0,0,6,0,0,0,0,0,0,0,0
61513,Fiesta Red 18cm Bowl,0,4,0,0,4,0,0,4,0,0,0,0,0,0,0,0,8,4,0,4,4,4,4,4,8,0,4,4,4,4,8,4,4,4,4,0,4,0,0,4,0,0,4,0,4,0,4,4,0,0,0,4,0,0,4,4,4,8,4,4,8,4,0,4,4,4,4,8,4,4,4,4,4,0,0,0,0,4,0,8,8,4,4,4,4,0,4,4,4,0,4,0,4
61514,Fiesta Red 14cm Bowl,0,0,0,0,0,0,0,6,0,0,0,0,0,0,0,0,6,6,0,6,6,0,0,6,12,0,0,0,0,0,6,0,6,6,0,0,0,0,0,6,0,0,6,0,0,0,6,6,0,0,0,0,0,0,0,0,0,12,0,0,12,6,0,6,0,0,0,12,6,0,6,0,6,0,0,0,0,0,0,12,12,6,0,0,6,0,0,0,0,0,0,0,6
61515,Fiesta Red 11cm Bowl,0,0,0,0,0,0,0,0,0,0,0,0,0,0,0,0,0,0,0,6,0,0,0,0,12,0,0,0,0,0,6,0,0,6,0,0,0,0,0,0,0,0,0,0,0,0,6,0,0,0,0,0,0,0,0,0,0,6,0,0,6,0,0,0,0,0,0,6,0,0,0,0,0,0,0,0,0,0,0,6,6,6,0,0,6,0,0,0,0,0,0,0,0
61517,Fiesta Red 4pce Bowl Set,0,0,0,0,0,0,0,9,0,0,0,0,0,0,0,0,9,9,0,12,9,0,0,9,12,0,0,0,0,0,12,0,9,9,0,0,0,0,0,9,0,0,9,0,0,0,9,6,0,0,0,0,0,0,0,0,0,12,0,0,12,9,0,9,0,0,0,12,9,0,9,0,9,0,0,0,0,0,0,12,12,9,0,0,12,0,0,0,0,0,0,0,9
61518,Fiesta Red Rectangle Dish,0,0,0,0,0,0,0,12,0,0,0,0,0,0,0,0,12,12,0,12,15,0,0,9,18,0,0,0,0,0,12,0,12,15,0,0,0,0,0,9,0,0,12,0,0,0,15,9,0,0,0,0,0,0,0,0,0,15,0,0,18,12,0,12,0,0,0,18,9,0,12,0,12,0,0,0,0,0,0,18,18,12,0,0,18,0,0,0,0,0,0,0,9
61519,Fiesta Red Oval Platter,0,0,0,0,0,0,0,6,0,0,0,0,0,0,0,0,6,6,0,6,9,0,0,6,12,0,0,0,0,0,9,0,6,9,0,0,0,0,0,6,0,0,6,0,0,0,9,6,0,0,0,0,0,0,0,0,0,9,0,0,12,9,0,6,0,0,0,9,6,0,6,0,6,0,0,0,0,0,0,9,9,6,0,0,12,0,0,0,0,0,0,0,6
61520,Fiesta Red 3 Part Bowl,0,0,0,0,0,0,0,0,0,0,0,0,0,0,0,0,0,0,0,9,0,0,0,0,15,0,0,0,0,0,12,0,0,12,0,0,0,0,0,0,0,0,0,0,0,0,12,0,0,0,0,0,0,0,0,0,0,15,0,0,15,0,0,0,0,0,0,12,0,0,0,0,0,0,0,0,0,0,0,12,12,9,0,0,9,0,0,0,0,0,0,0,0
61522,Fiesta Yellow 27cm Plate,0,0,0,0,0,0,0,4,0,0,0,0,0,0,0,0,4,4,0,4,4,0,0,4,8,0,0,0,0,0,4,0,4,4,0,0,0,0,0,4,0,0,4,0,0,0,4,4,0,0,0,0,0,0,0,0,0,8,0,0,8,4,0,4,0,0,0,8,4,0,4,0,4,0,0,0,0,0,0,8,8,4,0,0,4,0,0,0,0,0,0,0,4
61523,Fiesta Yellow 20cm Plate,0,0,0,0,0,0,0,0,0,0,0,0,0,0,0,0,0,0,0,0,0,0,0,0,6,0,0,0,0,0,0,0,0,0,0,0,0,0,0,0,0,0,0,0,0,0,0,0,0,0,0,0,0,0,0,0,0,6,0,0,6,0,0,0,0,0,0,6,0,0,0,0,0,0,0,0,0,0,0,6,6,0,0,0,0,0,0,0,0,0,0,0,0
61524,Fiesta Yellow 18cm Bowl,0,0,0,0,0,0,0,8,0,0,0,0,0,0,0,0,8,8,0,8,8,0,0,4,8,0,0,0,0,0,8,0,4,8,0,0,0,0,0,4,0,0,8,0,0,0,8,4,0,0,0,0,0,0,0,0,0,8,0,0,8,8,0,4,0,0,0,8,8,0,8,0,8,0,0,0,0,0,0,8,8,8,0,0,8,0,0,0,0,0,0,0,4
61526,Fiesta Yellow 11cm Bowl,0,0,0,0,0,0,0,0,0,0,0,0,0,0,0,0,0,0,0,6,0,0,0,0,12,0,0,0,0,0,6,0,0,6,0,0,0,0,0,0,0,0,0,0,0,0,6,0,0,0,0,0,0,0,0,0,0,12,0,0,12,0,0,0,0,0,0,12,0,0,0,0,0,0,0,0,0,0,0,12,12,6,0,0,6,0,0,0,0,0,0,0,0
61528,Fiesta Yellow 4pce Bowl Set,0,0,0,0,0,0,0,6,0,0,0,0,0,0,0,0,6,6,0,9,6,0,0,6,12,0,0,0,0,0,9,0,6,6,0,0,0,0,0,6,0,0,6,0,0,0,6,6,0,0,0,0,0,0,0,0,0,9,0,0,9,6,0,6,0,0,0,9,6,0,6,0,6,0,0,0,0,0,0,9,9,6,0,0,6,0,0,0,0,0,0,0,6
61529,Fiesta Yellow Rectangle Dish,0,0,0,0,0,0,0,9,0,0,0,0,0,0,0,0,9,12,0,12,15,0,0,9,18,0,0,0,0,0,12,0,12,12,0,0,0,0,0,9,0,0,12,0,0,0,15,9,0,0,0,0,0,0,0,0,0,15,0,0,18,12,0,12,0,0,0,15,9,0,12,0,12,0,0,0,0,0,0,15,18,12,0,0,18,0,0,0,0,0,0,0,9
61530,Fiesta Yellow Oval Platter,0,0,0,0,0,0,0,0,0,0,0,0,0,0,0,0,0,0,0,9,0,0,0,0,15,0,0,0,0,0,12,0,0,12,0,0,0,0,0,0,0,0,0,0,0,0,12,0,0,0,0,0,0,0,0,0,0,12,0,0,15,0,0,0,0,0,0,12,0,0,0,0,0,0,0,0,0,0,0,12,15,9,0,0,15,0,0,0,0,0,0,0,0
61531,Fiesta Yellow 3 Part Bowl,0,0,0,0,0,0,0,0,0,0,0,0,0,0,0,0,0,0,0,9,0,0,0,0,15,0,0,0,0,0,12,0,0,12,0,0,0,0,0,0,0,0,0,0,0,0,12,0,0,0,0,0,0,0,0,0,0,12,0,0,15,0,0,0,0,0,0,15,0,0,0,0,0,0,0,0,0,0,0,15,15,9,0,0,15,0,0,0,0,0,0,0,0
61532,Nadia Navy Dinner Plate,0,0,0,0,0,0,0,4,0,0,0,0,0,0,0,0,4,4,0,8,4,0,0,4,8,0,0,0,0,0,8,0,4,4,0,0,0,0,0,4,0,0,4,0,0,0,4,4,0,0,0,0,0,0,0,0,0,8,0,0,8,4,0,4,0,0,0,8,4,0,4,0,4,0,0,0,0,0,0,8,8,4,0,0,4,0,0,0,0,0,0,0,4
61533,Nadia Navy Side Plate,0,0,0,0,0,0,0,8,0,0,0,0,0,0,0,0,8,8,0,8,8,0,0,8,8,0,0,0,0,0,8,0,8,8,0,0,0,0,0,8,0,0,8,0,0,0,8,4,0,0,0,0,0,0,0,0,0,8,0,0,8,8,0,4,0,0,0,8,8,0,8,0,8,0,0,0,0,0,0,8,8,8,0,0,8,0,0,0,0,0,0,0,4
61534,Nadia Navy Bowl,0,0,0,0,0,0,0,8,0,0,0,0,0,0,0,0,8,4,0,8,8,0,0,4,8,0,0,0,0,0,8,0,4,8,0,0,0,0,0,4,0,0,8,0,0,0,8,4,0,0,0,0,0,0,0,0,0,8,0,0,8,4,0,4,0,0,0,8,8,0,8,0,8,0,0,0,0,0,0,8,8,8,0,0,8,0,0,0,0,0,0,0,4
61536,Nadia Navy Platter,0,0,0,0,0,0,0,6,0,0,0,0,0,0,0,0,6,9,0,9,9,0,0,6,9,0,0,0,0,0,9,0,6,9,0,0,0,0,0,6,0,0,6,0,0,0,9,6,0,0,0,0,0,0,0,0,0,9,0,0,9,9,0,6,0,0,0,9,6,0,6,0,6,0,0,0,0,0,0,9,9,9,0,0,9,0,0,0,0,0,0,0,6
61537,Nadia Navy Salad Bowl,0,0,0,0,0,0,0,9,0,0,0,0,0,0,0,0,9,9,0,9,9,0,0,6,9,0,0,0,0,0,9,0,6,9,0,0,0,0,0,9,0,0,9,0,0,0,9,3,0,0,0,0,0,0,0,0,0,9,0,0,9,9,0,6,0,0,0,9,9,0,6,0,6,0,0,0,0,0,0,9,9,9,0,0,9,0,0,0,0,0,0,0,9
61538,Nadia Navy Mini Bowl,0,0,0,0,0,0,0,12,0,0,0,0,0,0,0,0,12,12,0,12,12,0,0,12,12,0,0,0,0,0,12,0,12,12,0,0,0,0,0,12,0,0,12,0,0,0,12,6,0,0,0,0,0,0,0,0,0,12,0,0,12,12,0,12,0,0,0,12,12,0,12,0,12,0,0,0,0,0,0,12,12,12,0,0,12,0,0,0,0,0,0,0,12
61539,Nadia Teal Dinner Plate,0,4,0,0,4,0,0,8,0,0,0,0,0,0,0,0,8,8,0,8,8,4,8,4,8,0,4,4,4,8,8,8,4,8,4,0,4,0,0,8,0,0,8,0,8,0,8,4,0,0,0,4,0,0,4,4,4,8,4,4,8,8,0,4,4,4,8,8,8,4,8,4,8,0,0,0,0,4,0,8,8,8,8,4,8,0,4,4,4,0,4,0,4
61540,Nadia Teal Side Plate,0,4,0,0,4,0,0,8,0,0,0,0,0,0,0,0,8,8,0,8,8,4,8,8,8,0,4,4,4,8,8,8,8,8,4,0,4,0,0,8,0,0,8,0,8,0,8,4,0,0,0,4,0,0,4,4,8,8,4,4,8,8,0,4,4,4,8,8,8,4,8,4,8,0,0,0,0,4,0,8,8,8,8,4,8,0,4,4,4,0,8,0,4
61541,Nadia Teal Bowl,0,4,0,0,4,0,0,8,0,0,0,0,0,0,0,0,8,4,0,8,4,4,4,4,8,0,4,4,4,4,8,4,4,4,4,0,4,0,0,4,0,0,4,0,4,0,4,4,0,0,0,4,0,0,4,4,4,8,4,4,8,4,0,4,4,4,4,8,4,4,4,4,4,0,0,0,0,4,0,8,8,4,4,4,4,0,4,4,4,0,4,0,4
61543,Nadia Teal Platter,0,0,0,0,0,0,0,9,0,0,0,0,0,0,0,0,9,12,0,12,15,0,0,9,18,0,0,0,0,0,12,0,9,12,0,0,0,0,0,9,0,0,12,0,0,0,15,9,0,0,0,0,0,0,0,0,0,15,0,0,18,12,0,12,0,0,0,15,9,0,12,0,12,0,0,0,0,0,0,15,18,12,0,0,18,0,0,0,0,0,0,0,9
61544,Nadia Teal Salad Bowl,0,0,0,0,0,0,0,9,0,0,0,0,0,0,0,0,15,9,0,9,12,0,0,6,18,0,0,0,0,0,15,0,9,15,0,0,0,0,0,9,0,0,9,0,0,0,15,6,0,0,0,0,0,0,0,0,0,18,0,0,18,12,0,9,0,0,0,18,12,0,9,0,9,0,0,0,0,0,0,15,15,12,0,0,12,0,0,0,0,0,0,0,12
61545,Nadia Teal Mini Bowl,6,6,6,6,6,6,6,6,6,0,0,6,0,0,0,6,12,6,6,6,12,6,6,6,12,6,6,6,6,12,12,6,6,12,6,6,6,6,6,6,0,6,6,6,6,0,12,6,6,6,0,6,6,6,6,6,6,12,6,6,12,12,6,6,6,6,6,12,6,6,6,6,6,0,6,6,0,6,6,12,12,12,6,6,12,6,6,6,6,0,6,0,12
61546,Nadia Cornflower Blue Dinner Plate,4,4,4,4,4,4,4,8,4,0,0,4,0,0,0,4,8,4,4,8,8,4,4,4,8,4,4,4,4,4,8,4,4,4,4,4,4,4,4,4,0,4,4,8,4,0,4,4,4,4,0,4,4,4,4,4,4,8,4,4,8,4,4,4,4,4,4,8,4,4,4,4,4,0,4,4,0,4,4,8,8,4,4,4,8,4,4,4,4,0,4,0,4
61547,Nadia Cornflower Blue Side Plate,4,4,4,4,4,4,4,8,4,4,4,4,4,4,4,4,8,8,4,8,8,8,8,8,8,4,4,8,4,8,8,8,8,8,8,4,4,4,4,8,4,4,8,8,8,4,8,4,4,4,4,4,4,4,8,8,8,8,8,4,8,8,4,8,8,8,8,8,8,8,8,4,8,4,4,4,4,8,4,8,8,8,8,8,8,4,8,4,4,4,8,4,8
61548,Nadia Cornflower Blue Bowl,4,4,4,4,4,4,4,8,4,4,4,4,4,4,4,4,8,4,4,8,8,4,4,4,8,4,4,4,4,4,8,4,4,4,4,4,4,4,4,4,4,4,4,8,4,4,4,4,4,4,4,4,4,4,4,4,4,8,4,4,8,4,4,4,4,4,4,8,4,4,4,4,4,4,4,4,4,4,4,8,8,4,4,4,8,4,4,4,4,4,4,4,4
61549,Nadia Cornflower Blue Mug,0,4,0,0,4,0,0,4,0,0,0,0,0,0,0,0,4,4,0,4,8,4,4,4,8,0,4,4,4,4,4,4,4,4,4,0,4,0,0,4,0,0,4,0,4,0,4,4,0,0,0,4,0,0,4,4,4,8,4,4,8,4,0,4,4,4,4,4,4,4,8,4,4,0,0,0,0,4,0,8,4,4,4,4,8,0,4,4,4,0,4,0,4
61550,Nadia Cornflower Blue Platter,3,6,6,6,6,6,6,9,3,0,0,3,0,0,0,3,9,6,3,9,9,6,6,6,9,6,6,6,6,9,9,9,6,9,6,3,6,6,6,6,0,6,9,9,6,0,9,6,3,6,0,6,6,3,6,6,6,9,6,6,9,9,6,6,6,6,6,9,9,6,9,6,9,0,6,6,0,6,3,9,9,9,9,6,9,6,6,6,6,0,6,0,6
61551,Nadia Cornflower Blue Salad Bowl,0,6,0,0,6,0,0,9,0,0,0,0,0,0,0,0,12,9,0,9,12,6,6,6,12,0,6,6,6,12,12,9,6,12,6,0,6,0,0,9,0,0,6,0,9,0,12,6,0,0,0,3,0,0,6,6,6,12,9,6,12,12,0,6,6,6,9,12,9,6,6,6,6,0,0,0,0,6,0,12,12,12,9,6,9,0,6,3,6,0,6,0,12
61552,Nadia Cornflower Blue Mini Bowl,6,6,6,6,6,6,6,6,6,6,6,6,6,6,6,6,12,6,6,6,12,6,6,6,12,6,6,6,6,12,12,6,6,12,6,6,6,6,6,6,6,6,6,12,6,6,12,6,6,6,6,6,6,6,6,6,6,12,6,6,12,12,6,6,6,6,6,12,12,6,6,6,6,6,6,6,6,6,6,12,12,12,6,6,12,6,6,6,6,6,6,6,12
61621,Classic 35cm Indigo Platter Serve Stick,0,6,0,0,6,0,0,6,0,0,0,0,0,0,0,0,6,8,0,8,10,4,4,6,12,0,4,6,4,8,8,8,8,10,6,0,4,0,0,6,0,0,8,0,8,0,10,6,0,0,0,4,0,0,4,8,6,10,6,8,12,8,0,8,6,6,6,12,6,6,8,4,8,0,0,0,0,6,0,10,12,8,8,6,12,0,8,6,4,0,6,0,6
61628,Mi Casa Aqua Large Plate,0,0,0,0,0,0,0,4,0,0,0,0,0,0,0,0,4,4,0,4,8,0,0,4,8,0,0,0,0,0,4,0,4,4,0,0,0,0,0,4,0,0,4,0,0,0,4,4,0,0,0,0,0,0,0,0,0,4,0,0,8,4,0,4,0,0,0,8,4,0,4,0,4,0,0,0,0,0,0,8,8,4,0,0,8,0,0,0,0,0,0,0,4
61629,Mi Casa Cobalt Large Plate,0,0,0,0,0,0,0,8,0,0,0,0,0,0,0,0,8,8,0,8,8,0,0,4,8,0,0,0,0,0,8,0,8,8,0,0,0,0,0,4,0,0,8,0,0,0,8,4,0,0,0,0,0,0,0,0,0,8,0,0,8,8,0,8,0,0,0,8,4,0,8,0,8,0,0,0,0,0,0,8,8,8,0,0,8,0,0,0,0,0,0,0,4
61630,Mi Casa Indigo Large Plate,0,0,0,0,0,0,0,8,0,0,0,0,0,0,0,0,8,8,0,8,8,0,0,4,8,0,0,0,0,0,8,0,8,8,0,0,0,0,0,4,0,0,8,0,0,0,8,4,0,0,0,0,0,0,0,0,0,8,0,0,8,8,0,8,0,0,0,8,8,0,8,0,8,0,0,0,0,0,0,8,8,8,0,0,8,0,0,0,0,0,0,0,8
61631,Mi Casa Coral Large Plate,0,0,0,0,0,0,0,4,0,0,0,0,0,0,0,0,4,4,0,4,4,0,0,4,8,0,0,0,0,0,4,0,4,4,0,0,0,0,0,4,0,0,4,0,0,0,4,4,0,0,0,0,0,0,0,0,0,4,0,0,8,4,0,4,0,0,0,4,4,0,4,0,4,0,0,0,0,0,0,4,8,4,0,0,8,0,0,0,0,0,0,0,4
61632,Mi Casa Lemon Large Plate,0,0,0,0,0,0,0,4,0,0,0,0,0,0,0,0,4,4,0,4,8,0,0,4,8,0,0,0,0,0,4,0,4,4,0,0,0,0,0,4,0,0,4,0,0,0,4,4,0,0,0,0,0,0,0,0,0,8,0,0,8,4,0,4,0,0,0,8,4,0,4,0,4,0,0,0,0,0,0,8,8,4,0,0,8,0,0,0,0,0,0,0,4
61633,Mi Casa Pattern Large Plate,0,0,0,0,0,0,0,4,0,0,0,0,0,0,0,0,4,4,0,4,4,0,0,4,8,0,0,0,0,0,4,0,4,4,0,0,0,0,0,4,0,0,4,0,0,0,4,4,0,0,0,0,0,0,0,0,0,4,0,0,8,4,0,4,0,0,0,4,4,0,4,0,4,0,0,0,0,0,0,4,8,4,0,0,8,0,0,0,0,0,0,0,4
61635,Mi Casa Aqua Oblong Platter,0,0,0,0,0,0,0,6,0,0,0,0,0,0,0,0,6,6,0,6,6,0,0,6,9,0,0,0,0,0,6,0,6,6,0,0,0,0,0,6,0,0,6,0,0,0,6,6,0,0,0,0,0,0,0,0,0,6,0,0,9,6,0,6,0,0,0,9,6,0,6,0,6,0,0,0,0,0,0,9,9,6,0,0,9,0,0,0,0,0,0,0,6
61636,Mi Casa Cobalt Oblong Platter,0,0,0,0,0,0,0,0,0,0,0,0,0,0,0,0,0,0,0,6,0,0,0,0,9,0,0,0,0,0,6,0,0,6,0,0,0,0,0,0,0,0,0,0,0,0,6,0,0,0,0,0,0,0,0,0,0,9,0,0,9,0,0,0,0,0,0,9,0,0,0,0,0,0,0,0,0,0,0,9,9,6,0,0,9,0,0,0,0,0,0,0,0
61637,Mi Casa Indigo Oblong Platter,0,0,0,0,0,0,0,6,0,0,0,0,0,0,0,0,6,9,0,6,9,0,0,6,12,0,0,0,0,0,9,0,6,9,0,0,0,0,0,6,0,0,6,0,0,0,9,6,0,0,0,0,0,0,0,0,0,9,0,0,12,9,0,6,0,0,0,12,6,0,6,0,6,0,0,0,0,0,0,9,12,6,0,0,12,0,0,0,0,0,0,0,6
61638,Mi Casa Coral Oblong Platter,0,0,0,0,0,0,0,0,0,0,0,0,0,0,0,0,0,0,0,9,0,0,0,0,15,0,0,0,0,0,9,0,0,9,0,0,0,0,0,0,0,0,0,0,0,0,12,0,0,0,0,0,0,0,0,0,0,12,0,0,15,0,0,0,0,0,0,12,0,0,0,0,0,0,0,0,0,0,0,12,12,9,0,0,12,0,0,0,0,0,0,0,0
61639,Mi Casa Lemon Oblong Platter,0,0,0,0,0,0,0,9,0,0,0,0,0,0,0,0,9,9,0,9,12,0,0,9,15,0,0,0,0,0,12,0,9,12,0,0,0,0,0,9,0,0,9,0,0,0,12,9,0,0,0,0,0,0,0,0,0,12,0,0,15,12,0,9,0,0,0,15,9,0,9,0,9,0,0,0,0,0,0,15,15,9,0,0,15,0,0,0,0,0,0,0,9
61653,Mi Casa Cobalt Small Bowl,0,0,0,0,0,0,0,0,0,0,0,0,0,0,0,0,0,0,0,0,0,0,0,0,4,0,0,0,0,0,4,0,0,4,0,0,0,0,0,0,0,0,0,0,0,0,4,0,0,0,0,0,0,0,0,0,0,4,0,0,4,0,0,0,0,0,0,4,0,0,0,0,0,0,0,0,0,0,0,4,4,4,0,0,4,0,0,0,0,0,0,0,0
61654,Mi Casa Indigo Small Bowl,0,0,0,0,0,0,0,4,0,0,0,0,0,0,0,0,8,4,0,4,8,0,0,4,8,0,0,0,0,0,8,0,4,8,0,0,0,0,0,4,0,0,4,0,0,0,8,4,0,0,0,0,0,0,0,0,0,8,0,0,8,8,0,4,0,0,0,8,4,0,4,0,4,0,0,0,0,0,0,8,8,4,0,0,4,0,0,0,0,0,0,0,8
61656,Mi Casa Lemon Small Bowl,0,0,0,0,0,0,0,0,0,0,0,0,0,0,0,0,0,0,0,0,0,0,0,0,4,0,0,0,0,0,0,0,0,0,0,0,0,0,0,0,0,0,0,0,0,0,0,0,0,0,0,0,0,0,0,0,0,4,0,0,4,0,0,0,0,0,0,4,0,0,0,0,0,0,0,0,0,0,0,4,4,0,0,0,0,0,0,0,0,0,0,0,0
61658,Mi Casa Aqua Medium Bowl,0,0,0,0,0,0,0,0,0,0,0,0,0,0,0,0,0,0,0,9,0,0,0,0,12,0,0,0,0,0,9,0,0,9,0,0,0,0,0,0,0,0,0,0,0,0,9,0,0,0,0,0,0,0,0,0,0,12,0,0,12,0,0,0,0,0,0,9,0,0,0,0,0,0,0,0,0,0,0,9,9,9,0,0,9,0,0,0,0,0,0,0,0
61659,Mi Casa Cobalt Medium Bowl,0,0,0,0,0,0,0,0,0,0,0,0,0,0,0,0,0,0,0,12,0,0,0,0,15,0,0,0,0,0,12,0,0,12,0,0,0,0,0,0,0,0,0,0,0,0,12,0,0,0,0,0,0,0,0,0,0,15,0,0,15,0,0,0,0,0,0,12,0,0,0,0,0,0,0,0,0,0,0,12,12,12,0,0,12,0,0,0,0,0,0,0,0
61660,Mi Casa Indigo Medium Bowl,0,0,0,0,0,0,0,0,0,0,0,0,0,0,0,0,0,0,0,6,0,0,0,0,9,0,0,0,0,0,6,0,0,6,0,0,0,0,0,0,0,0,0,0,0,0,6,0,0,0,0,0,0,0,0,0,0,9,0,0,9,0,0,0,0,0,0,9,0,0,0,0,0,0,0,0,0,0,0,6,6,6,0,0,6,0,0,0,0,0,0,0,0
61661,Mi Casa Coral Medium Bowl,0,0,0,0,0,0,0,0,0,0,0,0,0,0,0,0,0,0,0,9,0,0,0,0,9,0,0,0,0,0,9,0,0,9,0,0,0,0,0,0,0,0,0,0,0,0,9,0,0,0,0,0,0,0,0,0,0,9,0,0,9,0,0,0,0,0,0,9,0,0,0,0,0,0,0,0,0,0,0,9,9,9,0,0,9,0,0,0,0,0,0,0,0
61662,Mi Casa Lemon Medium Bowl,0,0,0,0,0,0,0,6,0,0,0,0,0,0,0,0,9,6,0,6,9,0,0,6,12,0,0,0,0,0,9,0,6,9,0,0,0,0,0,6,0,0,6,0,0,0,9,6,0,0,0,0,0,0,0,0,0,12,0,0,12,9,0,6,0,0,0,9,9,0,6,0,6,0,0,0,0,0,0,9,9,9,0,0,9,0,0,0,0,0,0,0,9
61663,Mi Casa White Large Bowl,0,0,0,0,0,0,0,0,0,0,0,0,0,0,0,0,0,0,0,3,0,0,0,0,6,0,0,0,0,0,3,0,0,3,0,0,0,0,0,0,0,0,0,0,0,0,3,0,0,0,0,0,0,0,0,0,0,6,0,0,3,0,0,0,0,0,0,3,0,0,0,0,0,0,0,0,0,0,0,3,3,3,0,0,3,0,0,0,0,0,0,0,0
61664,Mi Casa Aqua Large Bowl,0,0,0,0,0,0,0,0,0,0,0,0,0,0,0,0,0,0,0,12,0,0,0,0,15,0,0,0,0,0,12,0,0,12,0,0,0,0,0,0,0,0,0,0,0,0,12,0,0,0,0,0,0,0,0,0,0,15,0,0,15,0,0,0,0,0,0,15,0,0,0,0,0,0,0,0,0,0,0,12,12,12,0,0,12,0,0,0,0,0,0,0,0
61665,Mi Casa Cobalt Large Bowl,0,0,0,0,0,0,0,0,0,0,0,0,0,0,0,0,0,0,0,0,0,0,0,0,3,0,0,0,0,0,0,0,0,0,0,0,0,0,0,0,0,0,0,0,0,0,0,0,0,0,0,0,0,0,0,0,0,3,0,0,3,0,0,0,0,0,0,3,0,0,0,0,0,0,0,0,0,0,0,3,3,0,0,0,0,0,0,0,0,0,0,0,0
61666,Mi Casa Indigo Large Bowl,0,0,0,0,0,0,0,6,0,0,0,0,0,0,0,0,9,6,0,6,9,0,0,6,12,0,0,0,0,0,9,0,6,9,0,0,0,0,0,6,0,0,6,0,0,0,9,6,0,0,0,0,0,0,0,0,0,12,0,0,12,9,0,6,0,0,0,12,9,0,6,0,6,0,0,0,0,0,0,12,12,9,0,0,9,0,0,0,0,0,0,0,9
61667,Mi Casa Coral Large Bowl,0,0,0,0,0,0,0,6,0,0,0,0,0,0,0,0,9,6,0,6,6,0,0,3,9,0,0,0,0,0,9,0,3,6,0,0,0,0,0,6,0,0,6,0,0,0,9,3,0,0,0,0,0,0,0,0,0,9,0,0,9,6,0,3,0,0,0,9,6,0,6,0,3,0,0,0,0,0,0,9,9,6,0,0,6,0,0,0,0,0,0,0,6
61668,Mi Casa Lemon Large Bowl,0,0,0,0,0,0,0,0,0,0,0,0,0,0,0,0,0,0,0,6,0,0,0,0,9,0,0,0,0,0,6,0,0,6,0,0,0,0,0,0,0,0,0,0,0,0,6,0,0,0,0,0,0,0,0,0,0,9,0,0,9,0,0,0,0,0,0,9,0,0,0,0,0,0,0,0,0,0,0,6,9,6,0,0,6,0,0,0,0,0,0,0,0
61675,Mi Casa White Nesting Bowl Set,0,0,0,0,0,0,0,10,0,0,0,0,0,0,0,0,14,10,0,10,14,0,0,8,16,0,0,0,0,0,14,0,8,14,0,0,0,0,0,10,0,0,8,0,0,0,14,6,0,0,0,0,0,0,0,0,0,16,0,0,16,14,0,8,0,0,0,16,12,0,8,0,8,0,0,0,0,0,0,16,16,14,0,0,12,0,0,0,0,0,0,0,14
61676,Mi Casa Indigo Ombre Nesting Bowl Set,0,0,0,0,0,0,0,8,0,0,0,0,0,0,0,0,12,8,0,8,12,0,0,6,16,0,0,0,0,0,12,0,6,12,0,0,0,0,0,8,0,0,8,0,0,0,12,6,0,0,0,0,0,0,0,0,0,18,0,0,16,12,0,6,0,0,0,14,10,0,8,0,6,0,0,0,0,0,0,14,14,10,0,0,10,0,0,0,0,0,0,0,12
61677,Fiesta Red 23cm Bowl,0,0,0,0,0,0,0,4,0,0,0,0,0,0,0,0,4,4,0,4,4,0,0,4,4,0,0,0,0,0,4,0,4,4,0,0,0,0,0,4,0,0,4,0,0,0,4,4,0,0,0,0,0,0,0,0,0,4,0,0,4,4,0,4,0,0,0,4,4,0,4,0,4,0,0,0,0,0,0,4,4,4,0,0,4,0,0,0,0,0,0,0,4
61678,Fiesta Yellow 23cm Bowl,0,0,0,0,0,0,0,4,0,0,0,0,0,0,0,0,4,4,0,4,4,0,0,4,8,0,0,0,0,0,4,0,4,4,0,0,0,0,0,4,0,0,4,0,0,0,4,4,0,0,0,0,0,0,0,0,0,4,0,0,4,4,0,4,0,0,0,4,4,0,4,0,4,0,0,0,0,0,0,4,4,4,0,0,4,0,0,0,0,0,0,0,4
61708,Graze Red Mini Bowl,0,0,0,0,0,0,0,0,0,0,0,0,0,0,0,0,0,0,0,12,0,0,0,0,18,0,0,0,0,0,12,0,0,12,0,0,0,0,0,0,0,0,0,0,0,0,12,0,0,0,0,0,0,0,0,0,0,18,0,0,18,0,0,0,0,0,0,18,0,0,0,0,0,0,0,0,0,0,0,12,18,12,0,0,12,0,0,0,0,0,0,0,0
61710,Graze Red Medium Bowl,0,0,0,0,0,0,0,0,0,0,0,0,0,0,0,0,0,0,0,6,0,0,0,0,12,0,0,0,0,0,9,0,0,9,0,0,0,0,0,0,0,0,0,0,0,0,9,0,0,0,0,0,0,0,0,0,0,12,0,0,9,0,0,0,0,0,0,9,0,0,0,0,0,0,0,0,0,0,0,9,9,9,0,0,6,0,0,0,0,0,0,0,0
61711,Graze Red Large Bowl,0,0,0,0,0,0,0,0,0,0,0,0,0,0,0,0,0,0,0,0,0,0,0,0,3,0,0,0,0,0,0,0,0,0,0,0,0,0,0,0,0,0,0,0,0,0,0,0,0,0,0,0,0,0,0,0,0,3,0,0,3,0,0,0,0,0,0,3,0,0,0,0,0,0,0,0,0,0,0,0,0,0,0,0,0,0,0,0,0,0,0,0,0
61713,Graze Red Large Platter,0,0,0,0,0,0,0,3,0,0,0,0,0,0,0,0,3,3,0,3,3,0,0,0,3,0,0,0,0,0,3,0,3,3,0,0,0,0,0,3,0,0,3,0,0,0,3,0,0,0,0,0,0,0,0,0,0,3,0,0,3,3,0,3,0,0,0,3,3,0,3,0,3,0,0,0,0,0,0,3,3,3,0,0,3,0,0,0,0,0,0,0,3
61714,Graze Red Spoon Rest,0,0,0,0,0,0,0,4,0,0,0,0,0,0,0,0,4,4,0,4,4,0,0,4,8,0,0,0,0,0,4,0,4,4,0,0,0,0,0,4,0,0,4,0,0,0,4,4,0,0,0,0,0,0,0,0,0,8,0,0,4,4,0,4,0,0,0,4,4,0,4,0,4,0,0,0,0,0,0,4,4,4,0,0,4,0,0,0,0,0,0,0,4
61715,Graze Red Jug,0,0,0,0,0,0,0,0,0,0,0,0,0,0,0,0,0,0,0,2,0,0,0,0,4,0,0,0,0,0,2,0,0,2,0,0,0,0,0,0,0,0,0,0,0,0,2,0,0,0,0,0,0,0,0,0,0,4,0,0,4,0,0,0,0,0,0,4,0,0,0,0,0,0,0,0,0,0,0,4,4,2,0,0,2,0,0,0,0,0,0,0,0
61720,Mystic Teapot,0,0,0,0,0,0,0,0,0,0,0,0,0,0,0,0,0,0,0,2,0,0,0,0,4,0,0,0,0,0,4,0,0,4,0,0,0,0,0,0,0,0,0,0,0,0,4,0,0,0,0,0,0,0,0,0,0,4,0,0,4,0,0,0,0,0,0,4,0,0,0,0,0,0,0,0,0,0,0,4,4,4,0,0,2,0,0,0,0,0,0,0,0
61721,Mystic Teal Jug,0,4,0,0,4,0,0,4,0,0,0,0,0,0,0,0,8,4,0,4,8,4,4,4,8,0,4,4,4,8,8,4,4,8,4,0,4,0,0,4,0,0,4,0,4,0,8,4,0,0,0,4,0,0,4,4,4,8,4,4,8,4,0,4,4,4,4,8,4,4,4,4,4,0,0,0,0,4,0,8,8,4,4,4,4,0,4,4,4,0,4,0,4
61726,Mystic Pink Bowl,0,4,0,0,4,0,0,4,0,0,0,0,0,0,0,0,8,4,0,4,8,4,4,4,8,0,4,4,4,8,8,4,4,8,4,0,4,0,0,4,0,0,4,0,4,0,8,4,0,0,0,4,0,0,4,4,4,8,4,4,8,8,0,4,4,4,8,8,8,4,4,4,4,0,0,0,0,4,0,8,8,8,4,4,8,0,4,4,4,0,4,0,8
61730,Mystic Side Plate,0,0,0,0,0,0,0,8,0,0,0,0,0,0,0,0,8,8,0,8,8,0,0,0,8,0,0,8,0,8,8,8,8,8,0,0,0,0,0,0,0,0,8,0,8,0,8,0,0,0,0,0,0,0,0,8,8,8,8,8,8,8,0,8,0,0,8,8,0,0,8,0,8,0,0,0,0,0,0,8,8,8,8,0,8,0,8,0,0,0,0,0,8
61731,Mystic Butter Dish,0,4,0,0,4,0,0,4,0,0,0,0,0,0,0,0,4,4,0,4,4,0,4,4,4,0,0,4,0,4,4,4,4,4,4,0,0,0,0,4,0,0,4,0,4,0,4,4,0,0,0,0,0,0,0,4,4,4,4,4,4,4,0,4,4,4,4,4,4,4,4,0,4,0,0,0,0,4,0,4,4,4,4,4,4,0,4,4,0,0,4,0,4
61992,Villa Green Assorted Canister,0,0,0,0,0,0,0,9,0,0,0,0,0,0,0,0,9,15,0,15,9,0,0,6,18,0,0,0,0,0,18,0,9,9,0,0,0,0,0,9,0,0,9,0,0,0,12,6,0,0,0,0,0,0,0,0,0,18,0,0,15,9,0,12,0,0,0,15,12,0,9,0,18,0,0,0,0,0,0,9,6,6,0,0,12,0,0,0,0,0,0,0,12
62010,Classic 2 Part Salsa Red Serve Stick,4,4,4,4,4,4,4,4,4,0,0,4,0,0,0,4,4,4,4,4,8,4,4,4,8,4,4,4,4,4,4,4,4,8,4,4,4,4,4,4,0,4,4,4,8,0,8,4,4,4,0,4,4,4,4,4,4,8,4,4,8,4,4,4,4,4,4,8,4,4,4,4,4,0,4,4,0,4,4,8,8,4,4,4,8,4,4,4,4,0,4,0,4
62011,Classic 3 Part Salsa Red Serve Stick,4,4,4,4,4,4,4,4,4,0,0,4,0,0,0,4,4,4,4,4,8,4,4,4,8,4,4,4,4,4,4,4,4,4,4,4,4,4,4,4,0,4,4,4,4,0,4,4,4,4,0,4,4,4,4,4,4,4,4,4,8,4,4,4,4,4,4,8,4,4,4,4,4,0,4,4,0,4,4,8,8,4,4,4,8,4,4,4,4,0,4,0,4
62012,Classic 2 Part Green Serve Stick,4,4,4,4,4,4,4,4,4,0,0,4,0,0,0,4,4,4,4,4,8,4,4,4,8,4,4,4,4,4,4,4,4,8,4,4,4,4,4,4,0,4,4,4,8,0,8,4,4,4,0,4,4,4,4,4,4,8,4,4,8,8,4,4,4,4,4,8,4,4,4,4,4,0,4,4,0,4,4,8,8,4,8,4,8,4,4,4,4,0,4,0,4
62013,Classic 3 Part Green Serve Stick,4,4,4,4,4,4,4,4,4,0,0,4,0,0,0,4,4,4,4,4,4,4,4,4,8,4,4,4,4,4,4,4,4,4,4,4,4,4,4,4,0,4,4,4,4,0,4,4,4,4,0,4,4,4,4,4,4,4,4,4,8,4,4,4,4,4,4,8,4,4,4,4,4,0,4,4,0,4,4,8,8,4,4,4,8,4,4,4,4,0,4,0,4
62014,Classic 2 Part Zest Serve Stick,4,4,4,4,4,4,4,4,4,0,0,4,0,0,0,4,4,4,4,4,8,4,4,4,8,4,4,4,4,4,4,4,4,4,4,4,4,4,4,4,0,4,4,4,4,0,8,4,4,4,0,4,4,4,4,4,4,8,4,4,8,4,4,4,4,4,4,8,4,4,4,4,4,0,4,4,0,4,4,8,8,4,4,4,8,4,4,4,4,0,4,0,4
62015,Classic 3 Part Zest Serve Stick,0,4,0,0,4,0,0,4,0,0,0,0,0,0,0,0,4,8,0,8,8,4,4,4,8,0,4,4,4,8,8,8,4,8,4,0,4,0,0,4,0,0,4,0,8,0,8,4,0,0,0,4,0,0,4,8,4,8,4,8,8,8,0,8,4,4,4,8,4,4,8,4,8,0,0,0,0,4,0,8,8,4,8,4,8,0,8,4,4,0,4,0,4
62016,Villa Terracotta Assorted Tumbler,12,16,12,12,16,12,12,28,12,12,12,12,12,12,12,12,24,28,12,24,32,16,24,20,36,12,20,20,16,20,28,16,16,24,20,12,16,12,12,20,12,12,20,12,20,12,24,20,12,12,12,12,12,12,16,20,24,36,20,20,36,20,12,24,16,16,20,28,20,24,36,20,24,12,12,12,12,16,12,32,28,28,24,24,32,12,20,20,16,12,16,12,20
62017,Villa Bold Assorted Plate,0,4,0,0,4,0,0,4,0,0,0,0,0,0,0,0,4,4,0,4,4,4,4,4,4,0,4,4,4,4,4,4,4,4,4,0,4,0,0,4,0,0,4,0,4,0,4,4,0,0,0,4,0,0,4,4,4,4,4,0,4,4,0,4,4,4,4,4,4,4,4,4,4,0,0,0,0,4,0,4,4,4,4,4,4,0,4,4,0,0,4,0,4
62018,Villa Bold Assorted Tumbler,4,4,4,4,4,4,4,8,4,4,4,4,4,4,4,4,8,8,4,8,8,4,8,8,12,4,4,4,4,8,8,4,4,8,4,4,4,4,4,4,4,4,4,4,4,4,8,4,4,4,4,4,4,4,4,8,8,8,8,4,8,4,4,8,4,4,8,8,8,8,8,8,8,4,4,4,4,4,4,8,8,8,8,8,8,4,4,4,4,4,4,4,8
62020,Villa Bold Navy Jug,0,4,0,0,4,0,0,4,0,0,0,0,0,0,0,0,8,4,0,4,8,4,4,4,8,0,4,4,4,8,8,4,4,8,4,0,4,0,0,4,0,0,4,0,4,0,8,4,0,0,0,4,0,0,4,4,4,8,4,4,8,8,0,4,4,4,4,8,4,4,4,4,4,0,0,0,0,4,0,8,8,4,4,4,4,0,4,4,4,0,4,0,8
62021,Villa Bold Green Platter,0,0,0,0,0,0,0,0,0,0,0,0,0,0,0,0,0,0,0,0,0,0,0,0,6,0,0,0,0,0,0,0,0,0,0,0,0,0,0,0,0,0,0,0,0,0,0,0,0,0,0,0,0,0,0,0,0,0,0,0,6,0,0,0,0,0,0,0,0,0,0,0,0,0,0,0,0,0,0,0,6,0,0,0,6,0,0,0,0,0,0,0,0
62022,Villa Bold Zest Platter,0,0,0,0,0,0,0,0,0,0,0,0,0,0,0,0,0,0,0,6,0,0,0,0,12,0,0,0,0,0,6,0,0,6,0,0,0,0,0,0,0,0,0,0,0,0,6,0,0,0,0,0,0,0,0,0,0,6,0,0,12,0,0,0,0,0,0,12,0,0,0,0,0,0,0,0,0,0,0,6,12,6,0,0,12,0,0,0,0,0,0,0,0
62023,Villa Bold Navy Utensil Holder,0,0,0,0,0,0,0,8,0,0,0,0,0,0,0,0,8,16,0,16,12,0,0,8,20,0,0,0,0,0,20,0,12,12,0,0,0,0,0,12,0,0,12,0,0,0,12,8,0,0,0,0,0,0,0,0,0,16,0,0,16,8,0,12,0,0,0,16,12,0,12,0,20,0,0,0,0,0,0,8,8,8,0,0,12,0,0,0,0,0,0,0,12
62024,Villa Bold Assorted Mini Pinch Bowl,0,0,0,0,0,0,0,12,0,0,0,0,0,0,0,0,24,12,0,12,12,0,0,12,24,0,0,0,0,0,24,0,12,24,0,0,0,0,0,12,0,0,12,0,0,0,24,12,0,0,0,0,0,0,0,0,0,24,0,0,24,12,0,12,0,0,0,24,12,0,12,0,12,0,0,0,0,0,0,24,24,12,0,0,12,0,0,0,0,0,0,0,12
62025,Villa Bold Assorted Spoon Rest,0,0,0,0,0,0,0,6,0,0,0,0,0,0,0,0,6,6,0,6,6,0,0,0,6,0,0,0,0,0,6,0,6,6,0,0,0,0,0,6,0,0,6,0,0,0,6,0,0,0,0,0,0,0,0,0,0,6,0,0,6,6,0,6,0,0,0,6,6,0,6,0,6,0,0,0,0,0,0,6,6,6,0,0,6,0,0,0,0,0,0,0,6
62026,Villa Bold Oil & Vinegar Set,0,0,0,0,0,0,0,8,0,0,0,0,0,0,0,0,8,8,0,8,8,0,0,4,12,0,0,0,0,0,8,0,4,8,0,0,0,0,0,8,0,0,8,0,0,0,8,4,0,0,0,0,0,0,0,0,0,12,0,0,12,8,0,4,0,0,0,12,8,0,8,0,4,0,0,0,0,0,0,12,12,8,0,0,8,0,0,0,0,0,0,0,8
62046,Villa Bold Green Salad Bowl,0,0,0,0,0,0,0,8,0,0,0,0,0,0,0,0,8,8,0,8,12,0,0,8,12,0,0,0,0,0,8,0,8,8,0,0,0,0,0,8,0,0,8,0,0,0,8,8,0,0,0,0,0,0,0,0,0,8,0,0,12,8,0,8,0,0,0,12,8,0,8,0,8,0,0,0,0,0,0,12,12,8,0,0,12,0,0,0,0,0,0,0,8
62047,Villa Bold Navy Blue Salad Bowl,0,0,0,0,0,0,0,4,0,0,0,0,0,0,0,0,4,4,0,4,8,0,0,4,8,0,0,0,0,0,8,0,4,8,0,0,0,0,0,4,0,0,4,0,0,0,8,4,0,0,0,0,0,0,0,0,0,8,0,0,8,8,0,4,0,0,0,8,4,0,4,0,4,0,0,0,0,0,0,8,8,4,0,0,8,0,0,0,0,0,0,0,4
62074,Essentials Multicolour Spinning Server,6,8,8,8,8,8,6,10,4,4,4,8,4,4,6,2,10,12,6,10,14,6,6,8,18,8,6,8,6,12,12,10,10,12,8,6,6,8,10,8,4,6,10,8,12,4,14,8,6,6,4,4,6,8,6,10,10,14,10,10,18,12,8,10,8,8,10,16,8,8,10,6,10,6,8,8,6,6,6,16,16,10,12,8,16,8,10,6,6,6,6,6,10
62097,Villa Floral Platter & Bowl Set,0,6,0,0,6,0,0,6,0,0,0,0,0,0,0,0,6,9,0,6,9,6,6,6,12,0,6,6,6,9,9,6,6,9,6,0,6,0,0,6,0,0,6,0,9,0,9,6,0,0,0,3,0,0,6,6,6,9,6,6,12,9,0,6,6,6,6,12,6,6,6,6,6,0,0,0,0,6,0,12,12,6,9,6,12,0,6,6,6,0,6,0,6
62098,Villa Floral Chip & Dip Platter,0,6,0,0,6,0,0,6,0,0,0,0,0,0,0,0,9,9,0,9,12,6,6,6,15,0,6,6,6,9,9,9,9,9,6,0,6,0,0,6,0,0,9,0,9,0,9,6,0,0,0,3,0,0,6,9,9,12,6,9,15,9,0,9,6,6,9,12,6,6,9,6,9,0,0,0,0,6,0,12,12,9,9,6,12,0,9,6,6,0,6,0,6
62099,Villa Floral 3 Part Twist Bowl,0,6,0,0,6,0,0,9,0,0,0,0,0,0,0,0,12,9,0,9,12,6,6,6,15,0,6,6,6,12,12,9,6,12,6,0,6,0,0,9,0,0,6,0,9,0,12,6,0,0,0,3,0,0,6,9,9,18,9,6,15,12,0,6,6,6,9,15,9,6,6,6,6,0,0,0,0,6,0,12,12,12,9,6,9,0,6,3,6,0,6,0,12
62100,Villa Floral 2 Part Split Bowl,0,6,0,0,6,0,0,6,0,0,0,0,0,0,0,0,9,6,0,6,9,6,6,6,12,0,6,6,6,9,9,6,6,9,6,0,3,0,0,6,0,0,6,0,6,0,9,6,0,0,0,3,0,0,6,6,6,15,6,6,12,9,0,6,6,6,9,12,9,6,6,6,6,0,0,0,0,6,0,12,12,9,6,6,9,0,6,3,3,0,6,0,9
62101,Villa Floral Flower Segment Bowl,0,6,0,0,6,0,0,9,0,0,0,0,0,0,0,0,12,9,0,9,12,6,6,6,15,0,6,6,6,12,12,9,6,12,6,0,6,0,0,9,0,0,6,0,9,0,12,6,0,0,0,3,0,0,6,6,6,15,9,6,15,9,0,6,6,6,9,15,9,6,6,6,6,0,0,0,0,6,0,12,12,9,9,6,9,0,6,3,6,0,6,0,12
80121,Villa Assorted Ceramic Trivet,0,0,0,0,0,0,0,12,0,0,0,0,0,0,0,0,12,12,0,12,12,0,0,0,12,0,0,0,0,0,12,0,12,12,0,0,0,0,0,12,0,0,12,0,0,0,12,0,0,0,0,0,0,0,0,0,0,12,0,0,12,12,0,12,0,0,0,12,12,0,12,0,12,0,0,0,0,0,0,12,12,12,0,0,12,0,0,0,0,0,0,0,12
896049,Porta-Jar - Assorted,0,0,0,0,0,0,0,24,0,0,0,0,0,0,0,0,12,12,0,12,12,0,0,12,24,0,0,0,0,0,12,0,12,12,0,0,0,0,0,12,0,0,12,0,0,0,24,12,0,0,0,0,0,0,0,0,0,24,0,0,24,24,0,12,0,0,0,24,12,0,12,0,12,0,0,0,0,0,0,12,12,12,0,0,12,0,0,0,0,0,0,0,12
896061/02,Porta-Jar Red Drinkware,0,0,0,0,0,0,0,0,0,0,0,0,0,0,0,0,0,0,0,12,0,0,0,0,24,0,0,0,0,0,12,0,0,12,0,0,0,0,0,0,0,0,0,0,0,0,12,0,0,0,0,0,0,0,0,0,0,24,0,0,24,0,0,0,0,0,0,24,0,0,0,0,0,0,0,0,0,0,0,12,12,12,0,0,12,0,0,0,0,0,0,0,0
896140,Porta-Jar Chevron Blue Drinkware,0,12,0,0,12,0,0,12,0,0,0,0,0,0,0,0,12,12,0,12,12,12,12,12,24,0,12,12,12,12,12,12,12,12,12,0,12,0,0,12,0,0,12,0,12,0,12,12,0,0,0,12,0,0,12,12,12,24,12,12,24,24,0,12,12,12,12,24,12,12,12,12,12,0,0,0,0,12,0,12,12,12,12,12,12,0,12,12,12,0,12,0,12
896141,Porta-Jar Chevron Red Drinkware,0,12,0,0,12,0,0,24,0,0,0,0,0,0,0,0,12,12,0,24,12,12,12,12,24,0,12,12,12,12,12,12,12,12,12,0,12,0,0,12,0,0,12,0,12,0,24,12,0,0,0,12,0,0,12,12,12,24,12,12,24,24,0,12,12,12,12,24,24,12,12,12,12,0,0,0,0,12,0,12,24,24,24,12,12,0,12,12,12,0,12,0,12
896151,Porta-Jar Blue Drinkware,0,0,0,0,0,0,0,0,0,0,0,0,0,0,0,0,0,0,0,0,0,0,0,0,12,0,0,0,0,0,0,0,0,0,0,0,0,0,0,0,0,0,0,0,0,0,0,0,0,0,0,0,0,0,0,0,0,0,0,0,0,0,0,0,0,0,0,0,0,0,0,0,0,0,0,0,0,0,0,0,0,0,0,0,0,0,0,0,0,0,0,0,0